code,hs2,imports,commodity,exports,total
ON,87,96011442172,Vehicles,0,96011442172
ON,84,66389605953,Machinery & mechanical appliances,0,66389605953
ON,85,47885730253,Electrical equipment,0,47885730253
ON,71,41544198968,Precious metals & stones,0,41544198968
ON,30,19606310282,Pharmaceuticals,0,19606310282
QC,84,19034121488,Machinery & mechanical appliances,0,19034121488
ON,39,16737910760,Plastics,0,16737910760
ON,90,14778074750,Optical & medical instruments,0,14778074750
BC,84,13138174318,Machinery & mechanical appliances,0,13138174318
ON,99,12785009053,Confidential / low-value (CA),0,12785009053
NB,27,12535674919,Mineral fuels & oils,0,12535674919
QC,27,10763582775,Mineral fuels & oils,0,10763582775
ON,27,10576358592,Mineral fuels & oils,0,10576358592
QC,85,9872757563,Electrical equipment,0,9872757563
MB,84,8047473369,Machinery & mechanical appliances,0,8047473369
BC,87,7949480109,Vehicles,0,7949480109
ON,73,7533614004,Articles of iron & steel,0,7533614004
BC,85,6904186524,Electrical equipment,0,6904186524
ON,94,6834972862,Furniture,0,6834972862
ON,29,6763914514,Organic chemicals,0,6763914514
AB,84,6615920001,Machinery & mechanical appliances,0,6615920001
ON,72,6236517752,Iron & steel,0,6236517752
QC,30,6172063663,Pharmaceuticals,0,6172063663
NS,87,5822642993,Vehicles,0,5822642993
ON,48,5653140155,Paper & paperboard,0,5653140155
SK,84,5388344594,Machinery & mechanical appliances,0,5388344594
ON,33,5360812908,Cosmetics & perfumes,0,5360812908
QC,88,5335940538,Aircraft & spacecraft,0,5335940538
ON,38,4826348736,Misc chemical products,0,4826348736
ON,08,4685865104,Fruit & nuts,0,4685865104
ON,40,4621402536,Rubber,0,4621402536
AB,27,4596093051,Mineral fuels & oils,0,4596093051
QC,87,4525295347,Vehicles,0,4525295347
ON,95,4509868993,Toys & sports equipment,0,4509868993
ON,88,4421156442,Aircraft & spacecraft,0,4421156442
ON,61,4408206706,Knitted apparel,0,4408206706
ON,76,4310738930,Aluminium,0,4310738930
ON,21,4251540076,Misc food preparations,0,4251540076
ON,19,4233027769,Prepared cereals,0,4233027769
MB,27,4079128758,Mineral fuels & oils,0,4079128758
ON,22,3745194042,Beverages & spirits,0,3745194042
QC,74,3609098028,Copper,0,3609098028
ON,34,3520655035,Soap & cleaning products,0,3520655035
ON,62,3507425412,Woven apparel,0,3507425412
ON,02,3499895641,Meat & offal,0,3499895641
MB,87,3457182284,Vehicles,0,3457182284
QC,28,3406734743,Inorganic chemicals,0,3406734743
QC,90,3238150650,Optical & medical instruments,0,3238150650
BC,27,3215565176,Mineral fuels & oils,0,3215565176
AB,85,3168709342,Electrical equipment,0,3168709342
ON,74,3117950542,Copper,0,3117950542
ON,18,3044404244,Cocoa & cocoa products,0,3044404244
QC,39,2973869530,Plastics,0,2973869530
ON,07,2953389716,Vegetables,0,2953389716
QC,71,2825632079,Precious metals & stones,0,2825632079
ON,32,2718141120,Tanning & dye extracts,0,2718141120
ON,83,2702259518,Miscellaneous metal articles,0,2702259518
SK,87,2595265297,Vehicles,0,2595265297
BC,39,2552973272,Plastics,0,2552973272
SK,27,2492842404,Mineral fuels & oils,0,2492842404
MB,85,2383753337,Electrical equipment,0,2383753337
ON,20,2350927599,Prepared vegetables,0,2350927599
BC,73,2347056810,Articles of iron & steel,0,2347056810
ON,70,2317816810,Glass,0,2317816810
ON,26,2317379998,"Ores, slag & ash",0,2317379998
QC,40,2281766461,Rubber,0,2281766461
BC,61,2273413647,Knitted apparel,0,2273413647
NL,84,2273402822,Machinery & mechanical appliances,0,2273402822
BC,94,2244355500,Furniture,0,2244355500
ON,28,2206435247,Inorganic chemicals,0,2206435247
ON,64,2195905580,Footwear,0,2195905580
QC,94,2174624759,Furniture,0,2174624759
BC,90,2134757149,Optical & medical instruments,0,2134757149
BC,08,2133000676,Fruit & nuts,0,2133000676
ON,82,2103592722,Tools & cutlery,0,2103592722
ON,09,2095050393,"Coffee, tea & spices",0,2095050393
ON,23,2074904940,Food industry residues,0,2074904940
QC,18,2074173445,Cocoa & cocoa products,0,2074173445
QC,22,2016780253,Beverages & spirits,0,2016780253
QC,73,1966831061,Articles of iron & steel,0,1966831061
ON,49,1904074289,Printed books & media,0,1904074289
QC,26,1799388284,"Ores, slag & ash",0,1799388284
ON,96,1785956207,Miscellaneous manufactures,0,1785956207
ON,44,1720291890,Wood & wood articles,0,1720291890
AB,87,1702329247,Vehicles,0,1702329247
AB,39,1667425869,Plastics,0,1667425869
QC,99,1663489072,Confidential / low-value (CA),0,1663489072
QC,61,1645242262,Knitted apparel,0,1645242262
BC,62,1637535275,Woven apparel,0,1637535275
BC,95,1626920694,Toys & sports equipment,0,1626920694
QC,76,1568011580,Aluminium,0,1568011580
ON,42,1562684844,Leather goods,0,1562684844
AB,73,1558743423,Articles of iron & steel,0,1558743423
QC,72,1507463884,Iron & steel,0,1507463884
BC,26,1482821827,"Ores, slag & ash",0,1482821827
QC,09,1455023814,"Coffee, tea & spices",0,1455023814
MB,39,1421700905,Plastics,0,1421700905
AB,90,1421227372,Optical & medical instruments,0,1421227372
AB,22,1418700038,Beverages & spirits,0,1418700038
NL,15,1413063433,Animal/veg fats & oils,0,1413063433
BC,88,1402288950,Aircraft & spacecraft,0,1402288950
NS,84,1400412007,Machinery & mechanical appliances,0,1400412007
ON,16,1377284152,Prepared meat & fish,0,1377284152
QC,48,1375054061,Paper & paperboard,0,1375054061
MB,38,1361336741,Misc chemical products,0,1361336741
ON,35,1360874444,Protein substances,0,1360874444
ON,68,1359754542,Stone & cement articles,0,1359754542
BC,72,1356206223,Iron & steel,0,1356206223
ON,17,1311736203,Sugars,0,1311736203
QC,62,1282204827,Woven apparel,0,1282204827
BC,48,1260192007,Paper & paperboard,0,1260192007
ON,03,1238876942,Fish & seafood,0,1238876942
MB,31,1235634234,Fertilizers,0,1235634234
QC,08,1151130795,Fruit & nuts,0,1151130795
BC,76,1140347110,Aluminium,0,1140347110
BC,44,1126625547,Wood & wood articles,0,1126625547
ON,15,1125541623,Animal/veg fats & oils,0,1125541623
NL,27,1104101942,Mineral fuels & oils,0,1104101942
ON,63,1090255108,Other made-up textiles,0,1090255108
BC,07,1081502436,Vegetables,0,1081502436
QC,29,1066833250,Organic chemicals,0,1066833250
BC,28,1061241005,Inorganic chemicals,0,1061241005
SK,85,1014496028,Electrical equipment,0,1014496028
ON,12,1009681222,Oil seeds,0,1009681222
BC,03,1004295380,Fish & seafood,0,1004295380
NS,27,979982096,Mineral fuels & oils,0,979982096
ON,04,962233387,Dairy products,0,962233387
ON,31,952427408,Fertilizers,0,952427408
AB,01,946995725,Live animals,0,946995725
MB,73,931498502,Articles of iron & steel,0,931498502
ON,86,929178375,Railway equipment,0,929178375
BC,22,924307346,Beverages & spirits,0,924307346
ON,69,913703059,Ceramic products,0,913703059
QC,33,898769566,Cosmetics & perfumes,0,898769566
ON,91,888087245,Clocks & watches,0,888087245
SK,38,877702654,Misc chemical products,0,877702654
BC,40,865201418,Rubber,0,865201418
QC,38,851348187,Misc chemical products,0,851348187
AB,94,844427381,Furniture,0,844427381
BC,64,836205762,Footwear,0,836205762
AB,88,828912262,Aircraft & spacecraft,0,828912262
QC,44,821258775,Wood & wood articles,0,821258775
BC,19,816980617,Prepared cereals,0,816980617
AB,08,796642325,Fruit & nuts,0,796642325
MB,90,781407307,Optical & medical instruments,0,781407307
AB,40,778913078,Rubber,0,778913078
NB,84,774407691,Machinery & mechanical appliances,0,774407691
BC,09,759580089,"Coffee, tea & spices",0,759580089
BC,20,756315375,Prepared vegetables,0,756315375
AB,29,745324425,Organic chemicals,0,745324425
QC,20,744146382,Prepared vegetables,0,744146382
ON,10,721142724,Cereals,0,721142724
QC,02,702855255,Meat & offal,0,702855255
QC,17,685268080,Sugars,0,685268080
AB,38,684132735,Misc chemical products,0,684132735
ON,24,679883294,Tobacco,0,679883294
BC,21,674324448,Misc food preparations,0,674324448
QC,95,668508268,Toys & sports equipment,0,668508268
ON,56,662075215,Wadding & felt,0,662075215
QC,31,659693790,Fertilizers,0,659693790
QC,83,656587441,Miscellaneous metal articles,0,656587441
SK,31,645939613,Fertilizers,0,645939613
BC,38,645749898,Misc chemical products,0,645749898
ON,81,620927986,Other base metals,0,620927986
QC,03,606380333,Fish & seafood,0,606380333
QC,64,598102462,Footwear,0,598102462
SK,39,593816888,Plastics,0,593816888
MB,48,585210655,Paper & paperboard,0,585210655
AB,07,577183136,Vegetables,0,577183136
QC,19,559200937,Prepared cereals,0,559200937
ON,25,549320930,"Salt, sulphur, stone, cement",0,549320930
MB,86,538894660,Railway equipment,0,538894660
MB,29,534586728,Organic chemicals,0,534586728
SK,73,521786398,Articles of iron & steel,0,521786398
ON,89,519396387,Ships & boats,0,519396387
NS,85,508600830,Electrical equipment,0,508600830
ON,57,508283070,Carpets,0,508283070
BC,42,497252350,Leather goods,0,497252350
QC,75,489886384,Nickel,0,489886384
QC,04,486999942,Dairy products,0,486999942
BC,68,478368472,Stone & cement articles,0,478368472
BC,63,477339615,Other made-up textiles,0,477339615
AB,31,476574918,Fertilizers,0,476574918
MB,94,476296452,Furniture,0,476296452
BC,02,475638834,Meat & offal,0,475638834
BC,99,474203155,Confidential / low-value (CA),0,474203155
BC,16,470822197,Prepared meat & fish,0,470822197
QC,42,468810439,Leather goods,0,468810439
QC,70,468095492,Glass,0,468095492
ON,59,466364248,Coated textiles,0,466364248
BC,71,465064835,Precious metals & stones,0,465064835
NB,03,464823990,Fish & seafood,0,464823990
QC,15,460097515,Animal/veg fats & oils,0,460097515
BC,70,450014598,Glass,0,450014598
BC,96,442248425,Miscellaneous manufactures,0,442248425
NB,87,440519726,Vehicles,0,440519726
ON,06,434073600,Live trees & plants,0,434073600
BC,89,417022396,Ships & boats,0,417022396
AB,95,408676509,Toys & sports equipment,0,408676509
NS,99,406560943,Confidential / low-value (CA),0,406560943
BC,83,397204930,Miscellaneous metal articles,0,397204930
ON,11,396524965,Milling products,0,396524965
BC,29,394282204,Organic chemicals,0,394282204
MB,40,390268385,Rubber,0,390268385
AB,71,384727247,Precious metals & stones,0,384727247
QC,63,380551738,Other made-up textiles,0,380551738
ON,75,373305004,Nickel,0,373305004
ON,01,372889858,Live animals,0,372889858
QC,21,370228097,Misc food preparations,0,370228097
BC,82,369760577,Tools & cutlery,0,369760577
ON,93,364224410,Arms & ammunition,0,364224410
QC,86,361457510,Railway equipment,0,361457510
ON,65,357537227,Headgear,0,357537227
QC,68,341283379,Stone & cement articles,0,341283379
QC,82,341189283,Tools & cutlery,0,341189283
QC,32,330068895,Tanning & dye extracts,0,330068895
AB,23,326099688,Food industry residues,0,326099688
BC,33,324340935,Cosmetics & perfumes,0,324340935
QC,69,322292925,Ceramic products,0,322292925
QC,81,318484469,Other base metals,0,318484469
SK,40,318149714,Rubber,0,318149714
MB,34,317416793,Soap & cleaning products,0,317416793
AB,34,315525153,Soap & cleaning products,0,315525153
NS,88,312293522,Aircraft & spacecraft,0,312293522
BC,10,311975908,Cereals,0,311975908
AB,99,310280393,Confidential / low-value (CA),0,310280393
MB,23,309653239,Food industry residues,0,309653239
QC,07,308937337,Vegetables,0,308937337
ON,98,308898534,Special transactions (CA),0,308898534
NS,03,308388109,Fish & seafood,0,308388109
ON,47,303740554,Wood pulp,0,303740554
BC,15,295553345,Animal/veg fats & oils,0,295553345
NS,73,292636674,Articles of iron & steel,0,292636674
AB,48,285569404,Paper & paperboard,0,285569404
AB,86,280830349,Railway equipment,0,280830349
BC,32,280539752,Tanning & dye extracts,0,280539752
AB,68,274629546,Stone & cement articles,0,274629546
BC,23,269537648,Food industry residues,0,269537648
AB,76,265465255,Aluminium,0,265465255
QC,47,265463726,Wood pulp,0,265463726
BC,69,263466378,Ceramic products,0,263466378
QC,49,263268800,Printed books & media,0,263268800
QC,34,262989345,Soap & cleaning products,0,262989345
BC,12,262537157,Oil seeds,0,262537157
NS,40,259297895,Rubber,0,259297895
BC,34,257003270,Soap & cleaning products,0,257003270
QC,25,255769603,"Salt, sulphur, stone, cement",0,255769603
BC,49,254692492,Printed books & media,0,254692492
BC,74,249418196,Copper,0,249418196
AB,19,248935277,Prepared cereals,0,248935277
AB,28,247788976,Inorganic chemicals,0,247788976
MB,88,247515440,Aircraft & spacecraft,0,247515440
AB,21,245908863,Misc food preparations,0,245908863
BC,17,241173014,Sugars,0,241173014
QC,16,234450544,Prepared meat & fish,0,234450544
MB,44,233085487,Wood & wood articles,0,233085487
QC,23,230804409,Food industry residues,0,230804409
MB,25,226299520,"Salt, sulphur, stone, cement",0,226299520
ON,54,225869787,Man-made filaments,0,225869787
NL,88,224079096,Aircraft & spacecraft,0,224079096
BC,30,223998671,Pharmaceuticals,0,223998671
MB,95,223908255,Toys & sports equipment,0,223908255
NB,39,223536248,Plastics,0,223536248
AB,33,217139330,Cosmetics & perfumes,0,217139330
BC,35,214439473,Protein substances,0,214439473
SK,29,213348586,Organic chemicals,0,213348586
ON,13,212148688,Resins & gums,0,212148688
MB,99,211757590,Confidential / low-value (CA),0,211757590
QC,12,208513414,Oil seeds,0,208513414
BC,25,208184532,"Salt, sulphur, stone, cement",0,208184532
SK,01,204650528,Live animals,0,204650528
QC,35,204012036,Protein substances,0,204012036
MB,32,203038952,Tanning & dye extracts,0,203038952
BC,04,202674205,Dairy products,0,202674205
NU,27,202360447,Mineral fuels & oils,0,202360447
AB,44,201533576,Wood & wood articles,0,201533576
AB,20,201029701,Prepared vegetables,0,201029701
AB,72,200657691,Iron & steel,0,200657691
SK,23,199999192,Food industry residues,0,199999192
NB,85,198817439,Electrical equipment,0,198817439
BC,18,196162552,Cocoa & cocoa products,0,196162552
MB,12,195884734,Oil seeds,0,195884734
NS,22,190626607,Beverages & spirits,0,190626607
SK,34,189715435,Soap & cleaning products,0,189715435
AB,82,188987265,Tools & cutlery,0,188987265
ON,55,187524814,Man-made staple fibres,0,187524814
MB,28,184132779,Inorganic chemicals,0,184132779
MB,83,183477129,Miscellaneous metal articles,0,183477129
SK,10,183252783,Cereals,0,183252783
MB,72,182080005,Iron & steel,0,182080005
ON,97,181809608,Works of art,0,181809608
SK,90,181065860,Optical & medical instruments,0,181065860
NS,61,181045391,Knitted apparel,0,181045391
MB,76,178969315,Aluminium,0,178969315
QC,54,178071489,Man-made filaments,0,178071489
AB,62,175679872,Woven apparel,0,175679872
AB,10,175339725,Cereals,0,175339725
QC,93,174201984,Arms & ammunition,0,174201984
QC,96,169971358,Miscellaneous manufactures,0,169971358
ON,92,168224888,Musical instruments,0,168224888
BC,06,167406390,Live trees & plants,0,167406390
AB,83,167067628,Miscellaneous metal articles,0,167067628
NS,33,165958104,Cosmetics & perfumes,0,165958104
MB,19,162495699,Prepared cereals,0,162495699
QC,56,162037925,Wadding & felt,0,162037925
ON,05,161351291,Other animal products,0,161351291
MB,33,159784351,Cosmetics & perfumes,0,159784351
AB,30,159216123,Pharmaceuticals,0,159216123
MB,68,156567725,Stone & cement articles,0,156567725
QC,36,155816163,Explosives,0,155816163
AB,61,154732483,Knitted apparel,0,154732483
MB,49,152969732,Printed books & media,0,152969732
MB,02,152863512,Meat & offal,0,152863512
SK,94,152696980,Furniture,0,152696980
AB,63,152261202,Other made-up textiles,0,152261202
PE,29,151450611,Organic chemicals,0,151450611
AB,70,149809668,Glass,0,149809668
NB,40,149791148,Rubber,0,149791148
NB,48,148202099,Paper & paperboard,0,148202099
MB,82,148057781,Tools & cutlery,0,148057781
SK,95,145300144,Toys & sports equipment,0,145300144
NS,89,144677184,Ships & boats,0,144677184
AB,25,143527045,"Salt, sulphur, stone, cement",0,143527045
BC,57,139257958,Carpets,0,139257958
MB,30,137287269,Pharmaceuticals,0,137287269
SK,72,135615699,Iron & steel,0,135615699
BC,86,134794989,Railway equipment,0,134794989
MB,21,134271475,Misc food preparations,0,134271475
QC,55,132135105,Man-made staple fibres,0,132135105
MB,57,131500108,Carpets,0,131500108
NL,89,128931880,Ships & boats,0,128931880
BC,01,127592665,Live animals,0,127592665
ON,67,126644827,Feathers & artificial flowers,0,126644827
QC,06,125802075,Live trees & plants,0,125802075
BC,93,125696087,Arms & ammunition,0,125696087
ON,58,124717586,Special woven fabrics,0,124717586
NB,73,123941383,Articles of iron & steel,0,123941383
BC,65,123347047,Headgear,0,123347047
MB,70,122884106,Glass,0,122884106
MB,10,122131161,Cereals,0,122131161
SK,16,120412062,Prepared meat & fish,0,120412062
QC,65,118855291,Headgear,0,118855291
NS,62,116367744,Woven apparel,0,116367744
MB,08,114750308,Fruit & nuts,0,114750308
QC,59,111767197,Coated textiles,0,111767197
MB,16,111017271,Prepared meat & fish,0,111017271
NB,44,111007997,Wood & wood articles,0,111007997
SK,19,110449032,Prepared cereals,0,110449032
MB,62,104452469,Woven apparel,0,104452469
QC,89,103447757,Ships & boats,0,103447757
NB,89,103363231,Ships & boats,0,103363231
ON,37,102326985,Photographic goods,0,102326985
QC,10,102032385,Cereals,0,102032385
BC,11,100840852,Milling products,0,100840852
ON,79,100586714,Zinc,0,100586714
MB,20,99907194,Prepared vegetables,0,99907194
QC,01,99103484,Live animals,0,99103484
AB,12,98367913,Oil seeds,0,98367913
QC,97,98180616,Works of art,0,98180616
SK,88,98066847,Aircraft & spacecraft,0,98066847
QC,57,97521764,Carpets,0,97521764
AB,42,96589799,Leather goods,0,96589799
MB,22,95066836,Beverages & spirits,0,95066836
SK,89,94849886,Ships & boats,0,94849886
SK,33,94118619,Cosmetics & perfumes,0,94118619
NL,73,93394422,Articles of iron & steel,0,93394422
MB,07,93296381,Vegetables,0,93296381
AB,16,93097341,Prepared meat & fish,0,93097341
BC,56,91079478,Wadding & felt,0,91079478
SK,48,90639666,Paper & paperboard,0,90639666
BC,92,90465283,Musical instruments,0,90465283
NS,72,90361979,Iron & steel,0,90361979
MB,15,89941207,Animal/veg fats & oils,0,89941207
SK,86,88965898,Railway equipment,0,88965898
SK,21,88819023,Misc food preparations,0,88819023
NB,28,88559762,Inorganic chemicals,0,88559762
AB,69,88372511,Ceramic products,0,88372511
NS,39,87990486,Plastics,0,87990486
NB,47,87136343,Wood pulp,0,87136343
ON,36,86512253,Explosives,0,86512253
AB,03,86194300,Fish & seafood,0,86194300
BC,97,84117841,Works of art,0,84117841
MB,96,83833329,Miscellaneous manufactures,0,83833329
MB,61,81314148,Knitted apparel,0,81314148
MB,35,81084403,Protein substances,0,81084403
NB,08,80401326,Fruit & nuts,0,80401326
NB,15,80025608,Animal/veg fats & oils,0,80025608
BC,91,79626209,Clocks & watches,0,79626209
SK,76,79400241,Aluminium,0,79400241
BC,59,78835130,Coated textiles,0,78835130
NB,90,76241858,Optical & medical instruments,0,76241858
AB,09,74904088,"Coffee, tea & spices",0,74904088
AB,96,74631431,Miscellaneous manufactures,0,74631431
ON,80,74465200,Tin,0,74465200
BC,13,72530950,Resins & gums,0,72530950
NB,22,72277513,Beverages & spirits,0,72277513
QC,51,70385754,Wool,0,70385754
ON,60,70306011,Knitted fabrics,0,70306011
AB,32,69274420,Tanning & dye extracts,0,69274420
QC,80,68794689,Tin,0,68794689
SK,02,66904935,Meat & offal,0,66904935
SK,68,66381199,Stone & cement articles,0,66381199
NU,88,66295793,Aircraft & spacecraft,0,66295793
MB,74,66060185,Copper,0,66060185
SK,28,65798512,Inorganic chemicals,0,65798512
MB,89,65430973,Ships & boats,0,65430973
MB,56,64870693,Wadding & felt,0,64870693
MB,04,63778776,Dairy products,0,63778776
MB,63,63710086,Other made-up textiles,0,63710086
BC,31,63445910,Fertilizers,0,63445910
NS,94,63208787,Furniture,0,63208787
NS,05,63180185,Other animal products,0,63180185
QC,60,62258046,Knitted fabrics,0,62258046
AB,02,61598175,Meat & offal,0,61598175
ON,52,60663734,Cotton,0,60663734
NB,38,59074248,Misc chemical products,0,59074248
QC,91,58967189,Clocks & watches,0,58967189
BC,05,58365067,Other animal products,0,58365067
BC,81,58107559,Other base metals,0,58107559
NS,76,58028045,Aluminium,0,58028045
AB,15,57993526,Animal/veg fats & oils,0,57993526
QC,13,56590360,Resins & gums,0,56590360
QC,24,56322065,Tobacco,0,56322065
SK,07,56117600,Vegetables,0,56117600
PE,31,56106259,Fertilizers,0,56106259
NB,94,55933063,Furniture,0,55933063
QC,98,54891207,Special transactions (CA),0,54891207
AB,74,54853898,Copper,0,54853898
SK,83,54729011,Miscellaneous metal articles,0,54729011
SK,30,53340624,Pharmaceuticals,0,53340624
AB,17,53217720,Sugars,0,53217720
BC,54,53197671,Man-made filaments,0,53197671
AB,64,51753338,Footwear,0,51753338
SK,49,50973558,Printed books & media,0,50973558
NB,07,49587121,Vegetables,0,49587121
SK,25,49123743,"Salt, sulphur, stone, cement",0,49123743
SK,32,49099758,Tanning & dye extracts,0,49099758
AB,49,48973234,Printed books & media,0,48973234
QC,11,48407871,Milling products,0,48407871
ON,66,47755413,Umbrellas,0,47755413
NT,27,47636388,Mineral fuels & oils,0,47636388
NS,90,47414170,Optical & medical instruments,0,47414170
SK,08,46113580,Fruit & nuts,0,46113580
SK,20,46014979,Prepared vegetables,0,46014979
SK,15,44861261,Animal/veg fats & oils,0,44861261
AB,56,44749163,Wadding & felt,0,44749163
AB,93,44709468,Arms & ammunition,0,44709468
NS,48,43813020,Paper & paperboard,0,43813020
AB,18,43722756,Cocoa & cocoa products,0,43722756
NB,19,43537918,Prepared cereals,0,43537918
NL,28,43460368,Inorganic chemicals,0,43460368
MB,64,43106343,Footwear,0,43106343
QC,41,42972643,Raw hides & skins,0,42972643
SK,44,42882234,Wood & wood articles,0,42882234
SK,12,42788817,Oil seeds,0,42788817
YT,03,42080886,Fish & seafood,0,42080886
MB,42,40840774,Leather goods,0,40840774
NB,68,40420630,Stone & cement articles,0,40420630
SK,82,40152516,Tools & cutlery,0,40152516
NS,21,40146205,Misc food preparations,0,40146205
BC,98,39985429,Special transactions (CA),0,39985429
SK,70,39931346,Glass,0,39931346
BC,67,39776887,Feathers & artificial flowers,0,39776887
AB,75,39041160,Nickel,0,39041160
NS,56,38944245,Wadding & felt,0,38944245
AB,04,38798063,Dairy products,0,38798063
AB,36,38608409,Explosives,0,38608409
BC,24,38542866,Tobacco,0,38542866
AB,57,37513609,Carpets,0,37513609
SK,22,37480846,Beverages & spirits,0,37480846
QC,79,37243656,Zinc,0,37243656
AB,65,36740465,Headgear,0,36740465
NS,86,36419225,Railway equipment,0,36419225
QC,52,36239283,Cotton,0,36239283
NB,23,36102407,Food industry residues,0,36102407
AB,35,35274284,Protein substances,0,35274284
AB,89,35129589,Ships & boats,0,35129589
MB,36,34233514,Explosives,0,34233514
NS,15,34009157,Animal/veg fats & oils,0,34009157
NB,56,33765919,Wadding & felt,0,33765919
AB,81,33698718,Other base metals,0,33698718
YT,84,33679864,Machinery & mechanical appliances,0,33679864
NS,19,33674324,Prepared cereals,0,33674324
ON,53,33654571,Vegetable textile fibres,0,33654571
AB,59,33440442,Coated textiles,0,33440442
MB,26,33183134,"Ores, slag & ash",0,33183134
NB,70,33069953,Glass,0,33069953
MB,71,32620773,Precious metals & stones,0,32620773
ON,46,32553609,Basketware,0,32553609
QC,05,32308534,Other animal products,0,32308534
NB,76,31855728,Aluminium,0,31855728
MB,06,31710981,Live trees & plants,0,31710981
NL,99,31001005,Confidential / low-value (CA),0,31001005
NS,08,30711491,Fruit & nuts,0,30711491
SK,35,30194110,Protein substances,0,30194110
BC,75,30192445,Nickel,0,30192445
ON,41,30008421,Raw hides & skins,0,30008421
NS,44,29972725,Wood & wood articles,0,29972725
MB,75,29280155,Nickel,0,29280155
MB,18,28952441,Cocoa & cocoa products,0,28952441
QC,92,28752880,Musical instruments,0,28752880
MB,69,28607554,Ceramic products,0,28607554
NS,18,28497425,Cocoa & cocoa products,0,28497425
SK,62,28325488,Woven apparel,0,28325488
BC,66,27851827,Umbrellas,0,27851827
ON,51,27078142,Wool,0,27078142
NB,74,26618837,Copper,0,26618837
MB,11,26613009,Milling products,0,26613009
NB,32,26515786,Tanning & dye extracts,0,26515786
NB,88,26510807,Aircraft & spacecraft,0,26510807
SK,36,26334271,Explosives,0,26334271
MB,17,26236479,Sugars,0,26236479
MB,59,26014603,Coated textiles,0,26014603
QC,58,25714919,Special woven fabrics,0,25714919
NB,20,25461400,Prepared vegetables,0,25461400
SK,56,25368151,Wadding & felt,0,25368151
MB,65,24564764,Headgear,0,24564764
AB,91,24390871,Clocks & watches,0,24390871
BC,52,23904253,Cotton,0,23904253
NS,29,23643199,Organic chemicals,0,23643199
SK,63,21539590,Other made-up textiles,0,21539590
ON,78,21507933,Lead,0,21507933
NB,83,21437075,Miscellaneous metal articles,0,21437075
SK,99,21344733,Confidential / low-value (CA),0,21344733
AB,13,21160481,Resins & gums,0,21160481
NS,30,20977873,Pharmaceuticals,0,20977873
SK,18,20884742,Cocoa & cocoa products,0,20884742
SK,59,20862187,Coated textiles,0,20862187
NS,54,20575104,Man-made filaments,0,20575104
NS,25,20479336,"Salt, sulphur, stone, cement",0,20479336
BC,60,20446615,Knitted fabrics,0,20446615
NS,28,20295526,Inorganic chemicals,0,20295526
MB,09,20238472,"Coffee, tea & spices",0,20238472
PE,85,19781065,Electrical equipment,0,19781065
BC,55,19646143,Man-made staple fibres,0,19646143
MB,01,19525439,Live animals,0,19525439
AB,54,19448884,Man-made filaments,0,19448884
AB,11,19424343,Milling products,0,19424343
MB,55,19057344,Man-made staple fibres,0,19057344
AB,60,18919196,Knitted fabrics,0,18919196
NL,90,18645657,Optical & medical instruments,0,18645657
SK,69,18287954,Ceramic products,0,18287954
SK,74,17828030,Copper,0,17828030
NS,64,17561348,Footwear,0,17561348
MB,81,17382166,Other base metals,0,17382166
SK,06,17378802,Live trees & plants,0,17378802
NB,25,17363791,"Salt, sulphur, stone, cement",0,17363791
QC,67,17118107,Feathers & artificial flowers,0,17118107
AB,06,17068742,Live trees & plants,0,17068742
SK,96,16829870,Miscellaneous manufactures,0,16829870
QC,66,16749592,Umbrellas,0,16749592
NS,69,16738419,Ceramic products,0,16738419
SK,54,16654957,Man-made filaments,0,16654957
NL,85,16304245,Electrical equipment,0,16304245
NS,70,16265486,Glass,0,16265486
NS,20,16002754,Prepared vegetables,0,16002754
NB,05,15830022,Other animal products,0,15830022
BC,58,15821604,Special woven fabrics,0,15821604
SK,61,15707909,Knitted apparel,0,15707909
NS,38,15610776,Misc chemical products,0,15610776
SK,04,15580373,Dairy products,0,15580373
MB,93,15533026,Arms & ammunition,0,15533026
ON,14,15399169,Vegetable materials,0,15399169
ON,43,15231167,Furskins,0,15231167
NB,63,15230741,Other made-up textiles,0,15230741
NB,12,15141057,Oil seeds,0,15141057
MB,54,14570163,Man-made filaments,0,14570163
AB,97,14476956,Works of art,0,14476956
SK,17,14439120,Sugars,0,14439120
MB,05,14106942,Other animal products,0,14106942
ON,45,14076434,Cork,0,14076434
BC,46,13819123,Basketware,0,13819123
NB,33,13733173,Cosmetics & perfumes,0,13733173
NS,74,13252546,Copper,0,13252546
NB,31,13231380,Fertilizers,0,13231380
NS,68,12987881,Stone & cement articles,0,12987881
MB,60,12683594,Knitted fabrics,0,12683594
NB,34,12445506,Soap & cleaning products,0,12445506
AB,05,12394964,Other animal products,0,12394964
BC,36,12302049,Explosives,0,12302049
SK,11,12213407,Milling products,0,12213407
YT,90,12189382,Optical & medical instruments,0,12189382
QC,53,12181558,Vegetable textile fibres,0,12181558
BC,53,12093916,Vegetable textile fibres,0,12093916
NB,95,11907377,Toys & sports equipment,0,11907377
NB,21,11835896,Misc food preparations,0,11835896
NB,30,11691666,Pharmaceuticals,0,11691666
NB,29,11652963,Organic chemicals,0,11652963
SK,75,11306180,Nickel,0,11306180
QC,78,11223838,Lead,0,11223838
SK,09,11137592,"Coffee, tea & spices",0,11137592
NS,63,10867129,Other made-up textiles,0,10867129
SK,13,10707978,Resins & gums,0,10707978
NB,62,10576967,Woven apparel,0,10576967
NB,11,10253720,Milling products,0,10253720
BC,14,9842307,Vegetable materials,0,9842307
NB,06,9648950,Live trees & plants,0,9648950
NB,72,9621558,Iron & steel,0,9621558
MB,91,9467685,Clocks & watches,0,9467685
NB,10,9138750,Cereals,0,9138750
AB,67,8903292,Feathers & artificial flowers,0,8903292
SK,81,8767496,Other base metals,0,8767496
AB,47,8662929,Wood pulp,0,8662929
NB,57,8645625,Carpets,0,8645625
NL,25,8564843,"Salt, sulphur, stone, cement",0,8564843
NB,35,8363344,Protein substances,0,8363344
NS,36,8199408,Explosives,0,8199408
SK,03,8106921,Fish & seafood,0,8106921
QC,46,8086756,Basketware,0,8086756
NS,59,8050092,Coated textiles,0,8050092
MB,58,8035835,Special woven fabrics,0,8035835
AB,24,7935578,Tobacco,0,7935578
BC,79,7903348,Zinc,0,7903348
BC,51,7812792,Wool,0,7812792
NS,81,7806597,Other base metals,0,7806597
QC,43,7801328,Furskins,0,7801328
NS,35,7784816,Protein substances,0,7784816
NB,82,7777051,Tools & cutlery,0,7777051
AB,98,7758597,Special transactions (CA),0,7758597
NS,32,7540726,Tanning & dye extracts,0,7540726
NS,23,7539545,Food industry residues,0,7539545
SK,57,7496391,Carpets,0,7496391
NB,96,7468032,Miscellaneous manufactures,0,7468032
SK,93,7308182,Arms & ammunition,0,7308182
NL,48,7144600,Paper & paperboard,0,7144600
BC,45,7121750,Cork,0,7121750
SK,64,7116454,Footwear,0,7116454
NB,93,6986485,Arms & ammunition,0,6986485
MB,47,6972813,Wood pulp,0,6972813
AB,58,6904336,Special woven fabrics,0,6904336
NS,93,6843377,Arms & ammunition,0,6843377
QC,37,6828579,Photographic goods,0,6828579
NB,59,6793355,Coated textiles,0,6793355
NB,16,6453898,Prepared meat & fish,0,6453898
AB,92,6450994,Musical instruments,0,6450994
YT,87,6381538,Vehicles,0,6381538
NL,38,6370730,Misc chemical products,0,6370730
SK,42,6006028,Leather goods,0,6006028
NS,95,5852922,Toys & sports equipment,0,5852922
NB,61,5791597,Knitted apparel,0,5791597
MB,13,5790460,Resins & gums,0,5790460
MB,92,5783011,Musical instruments,0,5783011
NS,47,5758425,Wood pulp,0,5758425
NS,49,5657737,Printed books & media,0,5657737
NS,31,5657711,Fertilizers,0,5657711
MB,03,5625299,Fish & seafood,0,5625299
NB,86,5619680,Railway equipment,0,5619680
QC,45,5509650,Cork,0,5509650
AB,66,5479399,Umbrellas,0,5479399
NB,69,5452771,Ceramic products,0,5452771
NB,49,5444963,Printed books & media,0,5444963
PE,39,5385540,Plastics,0,5385540
NB,18,5355071,Cocoa & cocoa products,0,5355071
NS,42,5228266,Leather goods,0,5228266
NB,99,5174715,Confidential / low-value (CA),0,5174715
SK,65,5042827,Headgear,0,5042827
NS,82,4984076,Tools & cutlery,0,4984076
SK,60,4934770,Knitted fabrics,0,4934770
MB,98,4904704,Special transactions (CA),0,4904704
NB,71,4846419,Precious metals & stones,0,4846419
SK,92,4749992,Musical instruments,0,4749992
NS,83,4705038,Miscellaneous metal articles,0,4705038
NB,54,4660624,Man-made filaments,0,4660624
NL,03,4609470,Fish & seafood,0,4609470
NL,39,4609426,Plastics,0,4609426
NS,17,4413429,Sugars,0,4413429
BC,41,4381564,Raw hides & skins,0,4381564
NS,09,4364804,"Coffee, tea & spices",0,4364804
NL,94,4320118,Furniture,0,4320118
MB,52,4096757,Cotton,0,4096757
SK,71,4084301,Precious metals & stones,0,4084301
MB,41,4078077,Raw hides & skins,0,4078077
SK,26,4052486,"Ores, slag & ash",0,4052486
BC,47,4045132,Wood pulp,0,4045132
NB,17,4015717,Sugars,0,4015717
SK,05,3964665,Other animal products,0,3964665
YT,88,3908449,Aircraft & spacecraft,0,3908449
NL,40,3882817,Rubber,0,3882817
NL,56,3760677,Wadding & felt,0,3760677
AB,55,3717476,Man-made staple fibres,0,3717476
NS,10,3558121,Cereals,0,3558121
MB,53,3512827,Vegetable textile fibres,0,3512827
SK,98,3498989,Special transactions (CA),0,3498989
BC,43,3494186,Furskins,0,3494186
BC,37,3401986,Photographic goods,0,3401986
MB,24,3399396,Tobacco,0,3399396
NU,25,3356061,"Salt, sulphur, stone, cement",0,3356061
NS,07,3295705,Vegetables,0,3295705
AB,53,3240579,Vegetable textile fibres,0,3240579
NS,34,3197993,Soap & cleaning products,0,3197993
NB,04,3182836,Dairy products,0,3182836
NB,01,3129940,Live animals,0,3129940
NS,97,3114865,Works of art,0,3114865
BC,78,3099090,Lead,0,3099090
PE,84,3079779,Machinery & mechanical appliances,0,3079779
MB,97,3041686,Works of art,0,3041686
NL,72,3022525,Iron & steel,0,3022525
AB,52,3000345,Cotton,0,3000345
NB,75,2994073,Nickel,0,2994073
NS,06,2761848,Live trees & plants,0,2761848
NS,16,2749810,Prepared meat & fish,0,2749810
AB,46,2617777,Basketware,0,2617777
AB,37,2549408,Photographic goods,0,2549408
AB,14,2549020,Vegetable materials,0,2549020
ON,50,2534575,Silk,0,2534575
MB,79,2526305,Zinc,0,2526305
NS,57,2457679,Carpets,0,2457679
NB,92,2336789,Musical instruments,0,2336789
PE,90,2318172,Optical & medical instruments,0,2318172
NB,09,2168627,"Coffee, tea & spices",0,2168627
AB,78,2151693,Lead,0,2151693
MB,46,2106314,Basketware,0,2106314
PE,28,2039074,Inorganic chemicals,0,2039074
QC,14,2032832,Vegetable materials,0,2032832
NL,70,1979217,Glass,0,1979217
NL,05,1967540,Other animal products,0,1967540
NS,65,1954422,Headgear,0,1954422
NU,28,1892405,Inorganic chemicals,0,1892405
NS,12,1859130,Oil seeds,0,1859130
MB,67,1818691,Feathers & artificial flowers,0,1818691
AB,43,1787511,Furskins,0,1787511
YT,85,1777293,Electrical equipment,0,1777293
NB,42,1765071,Leather goods,0,1765071
MB,37,1753616,Photographic goods,0,1753616
MB,43,1747540,Furskins,0,1747540
NU,90,1737495,Optical & medical instruments,0,1737495
NB,80,1732934,Tin,0,1732934
PE,98,1721795,Special transactions (CA),0,1721795
AB,41,1716419,Raw hides & skins,0,1716419
QC,50,1640753,Silk,0,1640753
BC,80,1531926,Tin,0,1531926
NL,23,1488704,Food industry residues,0,1488704
NB,65,1456485,Headgear,0,1456485
NB,26,1440122,"Ores, slag & ash",0,1440122
NS,96,1427817,Miscellaneous manufactures,0,1427817
NS,98,1392879,Special transactions (CA),0,1392879
PE,30,1377057,Pharmaceuticals,0,1377057
NS,60,1325855,Knitted fabrics,0,1325855
NL,83,1299106,Miscellaneous metal articles,0,1299106
SK,55,1295300,Man-made staple fibres,0,1295300
BC,50,1252982,Silk,0,1252982
NS,58,1197279,Special woven fabrics,0,1197279
SK,47,1138508,Wood pulp,0,1138508
AB,26,1085289,"Ores, slag & ash",0,1085289
AB,51,1067462,Wool,0,1067462
NB,13,1063210,Resins & gums,0,1063210
NS,13,1062086,Resins & gums,0,1062086
MB,45,1055966,Cork,0,1055966
NL,18,1050076,Cocoa & cocoa products,0,1050076
PE,38,1041109,Misc chemical products,0,1041109
NL,82,1025332,Tools & cutlery,0,1025332
NL,81,1020518,Other base metals,0,1020518
NB,58,1013082,Special woven fabrics,0,1013082
NL,75,1005434,Nickel,0,1005434
AB,79,993838,Zinc,0,993838
NL,62,964004,Woven apparel,0,964004
SK,67,935783,Feathers & artificial flowers,0,935783
AB,45,863971,Cork,0,863971
NL,19,832684,Prepared cereals,0,832684
MB,66,822362,Umbrellas,0,822362
AB,80,792196,Tin,0,792196
MB,80,737504,Tin,0,737504
PE,73,737064,Articles of iron & steel,0,737064
NS,53,733142,Vegetable textile fibres,0,733142
NB,41,726042,Raw hides & skins,0,726042
NS,46,712318,Basketware,0,712318
MB,51,712074,Wool,0,712074
NS,41,687673,Raw hides & skins,0,687673
SK,58,687338,Special woven fabrics,0,687338
NU,99,679170,Confidential / low-value (CA),0,679170
NS,79,663152,Zinc,0,663152
NL,34,658743,Soap & cleaning products,0,658743
SK,14,632177,Vegetable materials,0,632177
NS,75,614478,Nickel,0,614478
NU,86,612881,Railway equipment,0,612881
NB,55,590618,Man-made staple fibres,0,590618
NB,98,586219,Special transactions (CA),0,586219
NS,11,572650,Milling products,0,572650
SK,91,548701,Clocks & watches,0,548701
NS,55,547770,Man-made staple fibres,0,547770
NL,87,542166,Vehicles,0,542166
MB,78,538936,Lead,0,538936
NB,64,536927,Footwear,0,536927
NB,36,515572,Explosives,0,515572
NL,86,500096,Railway equipment,0,500096
NB,81,479388,Other base metals,0,479388
NB,52,460719,Cotton,0,460719
NL,76,451944,Aluminium,0,451944
NB,02,451457,Meat & offal,0,451457
NL,26,408953,"Ores, slag & ash",0,408953
NL,63,391248,Other made-up textiles,0,391248
NS,66,381912,Umbrellas,0,381912
NB,79,369604,Zinc,0,369604
MB,14,352455,Vegetable materials,0,352455
SK,78,334911,Lead,0,334911
YT,73,309897,Articles of iron & steel,0,309897
NL,96,298841,Miscellaneous manufactures,0,298841
NB,67,293873,Feathers & artificial flowers,0,293873
NB,60,293053,Knitted fabrics,0,293053
YT,34,285836,Soap & cleaning products,0,285836
NS,71,275638,Precious metals & stones,0,275638
NS,67,275070,Feathers & artificial flowers,0,275070
SK,97,275018,Works of art,0,275018
NL,01,273894,Live animals,0,273894
NS,26,265020,"Ores, slag & ash",0,265020
YT,05,263975,Other animal products,0,263975
NS,51,261335,Wool,0,261335
SK,52,258559,Cotton,0,258559
NS,78,236906,Lead,0,236906
SK,79,211358,Zinc,0,211358
NL,74,199048,Copper,0,199048
SK,46,196207,Basketware,0,196207
NS,92,191101,Musical instruments,0,191101
NB,91,191032,Clocks & watches,0,191032
NL,21,189107,Misc food preparations,0,189107
PE,17,182890,Sugars,0,182890
AB,50,179853,Silk,0,179853
YT,38,168173,Misc chemical products,0,168173
SK,41,164535,Raw hides & skins,0,164535
NS,52,163207,Cotton,0,163207
NL,32,155231,Tanning & dye extracts,0,155231
PE,40,147994,Rubber,0,147994
PE,70,145660,Glass,0,145660
NB,51,144309,Wool,0,144309
SK,51,140699,Wool,0,140699
NB,46,137551,Basketware,0,137551
YT,29,137344,Organic chemicals,0,137344
NL,79,129411,Zinc,0,129411
SK,37,120959,Photographic goods,0,120959
SK,53,116199,Vegetable textile fibres,0,116199
PE,48,112147,Paper & paperboard,0,112147
PE,05,110969,Other animal products,0,110969
YT,82,110107,Tools & cutlery,0,110107
NL,61,110024,Knitted apparel,0,110024
NS,14,104354,Vegetable materials,0,104354
NS,91,97952,Clocks & watches,0,97952
NL,95,96019,Toys & sports equipment,0,96019
PE,51,94744,Wool,0,94744
YT,28,92469,Inorganic chemicals,0,92469
NB,97,91220,Works of art,0,91220
NL,06,89676,Live trees & plants,0,89676
NL,44,87441,Wood & wood articles,0,87441
YT,01,85000,Live animals,0,85000
NB,66,84668,Umbrellas,0,84668
NL,13,82028,Resins & gums,0,82028
MB,50,80596,Silk,0,80596
PE,75,79876,Nickel,0,79876
NB,78,78588,Lead,0,78588
YT,35,78141,Protein substances,0,78141
YT,40,76523,Rubber,0,76523
SK,45,75717,Cork,0,75717
NB,43,74374,Furskins,0,74374
SK,80,67914,Tin,0,67914
YT,39,67162,Plastics,0,67162
YT,94,65003,Furniture,0,65003
PE,34,63152,Soap & cleaning products,0,63152
NL,35,62745,Protein substances,0,62745
YT,31,57186,Fertilizers,0,57186
PE,76,55879,Aluminium,0,55879
YT,86,54814,Railway equipment,0,54814
NB,45,51961,Cork,0,51961
YT,63,51718,Other made-up textiles,0,51718
SK,66,46580,Umbrellas,0,46580
YT,83,46033,Miscellaneous metal articles,0,46033
PE,87,45323,Vehicles,0,45323
NS,80,43971,Tin,0,43971
NS,04,43125,Dairy products,0,43125
PE,21,42930,Misc food preparations,0,42930
YT,76,40177,Aluminium,0,40177
YT,12,39854,Oil seeds,0,39854
YT,27,38578,Mineral fuels & oils,0,38578
NB,37,38274,Photographic goods,0,38274
NL,59,37400,Coated textiles,0,37400
NL,30,37259,Pharmaceuticals,0,37259
NL,42,35601,Leather goods,0,35601
NB,53,32937,Vegetable textile fibres,0,32937
NL,65,32850,Headgear,0,32850
NL,36,28487,Explosives,0,28487
NL,20,28178,Prepared vegetables,0,28178
SK,43,27790,Furskins,0,27790
YT,89,25605,Ships & boats,0,25605
NS,45,25373,Cork,0,25373
NL,68,24799,Stone & cement articles,0,24799
NL,49,24216,Printed books & media,0,24216
PE,59,22273,Coated textiles,0,22273
NB,14,21555,Vegetable materials,0,21555
PE,49,21140,Printed books & media,0,21140
PE,42,20882,Leather goods,0,20882
NS,50,20149,Silk,0,20149
YT,36,19989,Explosives,0,19989
NL,08,19179,Fruit & nuts,0,19179
NT,84,18920,Machinery & mechanical appliances,0,18920
NS,24,15875,Tobacco,0,15875
NL,17,14662,Sugars,0,14662
PE,82,13749,Tools & cutlery,0,13749
NT,88,13639,Aircraft & spacecraft,0,13639
NL,24,13171,Tobacco,0,13171
YT,25,12728,"Salt, sulphur, stone, cement",0,12728
SK,50,12667,Silk,0,12667
NL,64,12367,Footwear,0,12367
PE,27,11493,Mineral fuels & oils,0,11493
YT,98,10553,Special transactions (CA),0,10553
YT,26,9770,"Ores, slag & ash",0,9770
YT,48,8317,Paper & paperboard,0,8317
NL,54,8261,Man-made filaments,0,8261
PE,22,7447,Beverages & spirits,0,7447
PE,35,6499,Protein substances,0,6499
NU,84,4204,Machinery & mechanical appliances,0,4204
NL,09,4063,"Coffee, tea & spices",0,4063
NL,22,4002,Beverages & spirits,0,4002
NT,73,3833,Articles of iron & steel,0,3833
YT,64,3809,Footwear,0,3809
NL,67,3728,Feathers & artificial flowers,0,3728
YT,95,2942,Toys & sports equipment,0,2942
NL,71,2810,Precious metals & stones,0,2810
NL,45,2715,Cork,0,2715
PE,96,2636,Miscellaneous manufactures,0,2636
NU,48,2622,Paper & paperboard,0,2622
NL,33,2559,Cosmetics & perfumes,0,2559
NL,51,2528,Wool,0,2528
NL,29,2517,Organic chemicals,0,2517
NL,58,2501,Special woven fabrics,0,2501
NL,91,2096,Clocks & watches,0,2096
NL,16,2088,Prepared meat & fish,0,2088
PE,88,1905,Aircraft & spacecraft,0,1905
NL,98,1854,Special transactions (CA),0,1854
NL,69,1717,Ceramic products,0,1717
YT,42,1633,Leather goods,0,1633
NS,01,1540,Live animals,0,1540
YT,69,1532,Ceramic products,0,1532
NT,82,1369,Tools & cutlery,0,1369
NL,97,1134,Works of art,0,1134
PE,83,1036,Miscellaneous metal articles,0,1036
PE,61,986,Knitted apparel,0,986
PE,19,880,Prepared cereals,0,880
NU,89,800,Ships & boats,0,800
NL,43,786,Furskins,0,786
NL,66,747,Umbrellas,0,747
NU,49,546,Printed books & media,0,546
NL,60,527,Knitted fabrics,0,527
YT,44,510,Wood & wood articles,0,510
YT,96,486,Miscellaneous manufactures,0,486
NU,40,437,Rubber,0,437
YT,70,435,Glass,0,435
NL,55,425,Man-made staple fibres,0,425
NL,78,424,Lead,0,424
PE,94,407,Furniture,0,407
NL,57,346,Carpets,0,346
PE,69,303,Ceramic products,0,303
NU,96,268,Miscellaneous manufactures,0,268
YT,61,214,Knitted apparel,0,214
NB,24,213,Tobacco,0,213
NB,50,200,Silk,0,200
PE,63,173,Other made-up textiles,0,173
YT,68,166,Stone & cement articles,0,166
YT,55,163,Man-made staple fibres,0,163
NS,43,153,Furskins,0,153
PE,68,130,Stone & cement articles,0,130
PE,20,114,Prepared vegetables,0,114
PE,62,100,Woven apparel,0,100
YT,22,84,Beverages & spirits,0,84
NL,37,75,Photographic goods,0,75
YT,56,58,Wadding & felt,0,58
PE,25,54,"Salt, sulphur, stone, cement",0,54
NL,07,24,Vegetables,0,24
NL,31,3,Fertilizers,0,3
YT,57,1,Carpets,0,1
